-- MySQL dump 10.13  Distrib 5.5.53, for Win32 (AMD64)
--
-- Host: 127.0.0.1    Database: demo
-- ------------------------------------------------------
-- Server version	5.5.53

/*!40101 SET @OLD_CHARACTER_SET_CLIENT=@@CHARACTER_SET_CLIENT */;
/*!40101 SET @OLD_CHARACTER_SET_RESULTS=@@CHARACTER_SET_RESULTS */;
/*!40101 SET @OLD_COLLATION_CONNECTION=@@COLLATION_CONNECTION */;
/*!40101 SET NAMES utf8 */;
/*!40103 SET @OLD_TIME_ZONE=@@TIME_ZONE */;
/*!40103 SET TIME_ZONE='+00:00' */;
/*!40014 SET @OLD_UNIQUE_CHECKS=@@UNIQUE_CHECKS, UNIQUE_CHECKS=0 */;
/*!40014 SET @OLD_FOREIGN_KEY_CHECKS=@@FOREIGN_KEY_CHECKS, FOREIGN_KEY_CHECKS=0 */;
/*!40101 SET @OLD_SQL_MODE=@@SQL_MODE, SQL_MODE='NO_AUTO_VALUE_ON_ZERO' */;
/*!40111 SET @OLD_SQL_NOTES=@@SQL_NOTES, SQL_NOTES=0 */;

--
-- Table structure for table `apo`
--

DROP TABLE IF EXISTS `apo`;
/*!40101 SET @saved_cs_client     = @@character_set_client */;
/*!40101 SET character_set_client = utf8 */;
CREATE TABLE `apo` (
  `a_id` int(11) NOT NULL AUTO_INCREMENT,
  `a_name` varchar(255) DEFAULT NULL,
  PRIMARY KEY (`a_id`)
) ENGINE=MyISAM AUTO_INCREMENT=3 DEFAULT CHARSET=utf8;
/*!40101 SET character_set_client = @saved_cs_client */;

--
-- Dumping data for table `apo`
--

LOCK TABLES `apo` WRITE;
/*!40000 ALTER TABLE `apo` DISABLE KEYS */;
INSERT INTO `apo` VALUES (1,'音乐'),(2,'滑雪');
/*!40000 ALTER TABLE `apo` ENABLE KEYS */;
UNLOCK TABLES;

--
-- Table structure for table `code`
--

DROP TABLE IF EXISTS `code`;
/*!40101 SET @saved_cs_client     = @@character_set_client */;
/*!40101 SET character_set_client = utf8 */;
CREATE TABLE `code` (
  `id` int(11) NOT NULL AUTO_INCREMENT,
  `code` varchar(255) DEFAULT NULL,
  `tel` varchar(255) DEFAULT NULL,
  `timeout` int(11) DEFAULT NULL,
  `status` tinyint(255) DEFAULT NULL,
  PRIMARY KEY (`id`)
) ENGINE=MyISAM AUTO_INCREMENT=2 DEFAULT CHARSET=utf8;
/*!40101 SET character_set_client = @saved_cs_client */;

--
-- Dumping data for table `code`
--

LOCK TABLES `code` WRITE;
/*!40000 ALTER TABLE `code` DISABLE KEYS */;
INSERT INTO `code` VALUES (1,'8333','13716192702',1550807008,1);
/*!40000 ALTER TABLE `code` ENABLE KEYS */;
UNLOCK TABLES;

--
-- Table structure for table `god`
--

DROP TABLE IF EXISTS `god`;
/*!40101 SET @saved_cs_client     = @@character_set_client */;
/*!40101 SET character_set_client = utf8 */;
CREATE TABLE `god` (
  `id` int(11) NOT NULL AUTO_INCREMENT,
  `name` varchar(255) DEFAULT NULL,
  `a_id` int(11) DEFAULT NULL,
  `describe` varchar(255) DEFAULT NULL,
  `is_hot` varchar(255) DEFAULT NULL,
  `is_sale` varchar(255) DEFAULT NULL,
  PRIMARY KEY (`id`)
) ENGINE=MyISAM AUTO_INCREMENT=18 DEFAULT CHARSET=utf8;
/*!40101 SET character_set_client = @saved_cs_client */;

--
-- Dumping data for table `god`
--

LOCK TABLES `god` WRITE;
/*!40000 ALTER TABLE `god` DISABLE KEYS */;
INSERT INTO `god` VALUES (6,'阿斯顿safafa',2,'发的谁谁谁','0','1'),(7,'阿斯顿safafa',1,'发撒啊啊','1','0'),(8,'阿斯顿safafa',1,'发撒啊啊','1','0'),(9,'阿斯顿safafa',1,'地方司法啊','1','0'),(10,'发',1,'是否','0','1'),(11,'发艾斯艾斯',1,'是否','0','1'),(12,'发艾斯双双对对',1,'多对多','0','1'),(13,'发',1,'山东省','1','1'),(14,'阿萨啊',1,'事实上','0','1'),(15,'鞍山地区',1,'气温','1','0'),(16,'气温急骤下降',1,'位','0','1');
/*!40000 ALTER TABLE `god` ENABLE KEYS */;
UNLOCK TABLES;

--
-- Table structure for table `goods`
--

DROP TABLE IF EXISTS `goods`;
/*!40101 SET @saved_cs_client     = @@character_set_client */;
/*!40101 SET character_set_client = utf8 */;
CREATE TABLE `goods` (
  `goods_id` int(11) NOT NULL AUTO_INCREMENT,
  `j_id` int(11) DEFAULT NULL,
  `goods_price` int(11) DEFAULT NULL,
  `goods_num` int(11) DEFAULT NULL,
  `goods_money` int(11) DEFAULT NULL,
  PRIMARY KEY (`goods_id`)
) ENGINE=MyISAM AUTO_INCREMENT=6 DEFAULT CHARSET=utf8;
/*!40101 SET character_set_client = @saved_cs_client */;

--
-- Dumping data for table `goods`
--

LOCK TABLES `goods` WRITE;
/*!40000 ALTER TABLE `goods` DISABLE KEYS */;
INSERT INTO `goods` VALUES (3,2,88,8,66),(4,2,88,8,66),(5,2,88,8,66);
/*!40000 ALTER TABLE `goods` ENABLE KEYS */;
UNLOCK TABLES;

--
-- Table structure for table `l_user`
--

DROP TABLE IF EXISTS `l_user`;
/*!40101 SET @saved_cs_client     = @@character_set_client */;
/*!40101 SET character_set_client = utf8 */;
CREATE TABLE `l_user` (
  `id` int(11) NOT NULL AUTO_INCREMENT,
  `tel` varchar(255) DEFAULT NULL,
  `pwd` varchar(255) DEFAULT NULL,
  PRIMARY KEY (`id`)
) ENGINE=MyISAM AUTO_INCREMENT=21 DEFAULT CHARSET=utf8;
/*!40101 SET character_set_client = @saved_cs_client */;

--
-- Dumping data for table `l_user`
--

LOCK TABLES `l_user` WRITE;
/*!40000 ALTER TABLE `l_user` DISABLE KEYS */;
INSERT INTO `l_user` VALUES (1,'12345678910','123123'),(2,'12345678911','e10adc3949ba59abbe56e057f20f883e'),(3,'12365498710','733d7be2196ff70efaf6913fc8bdcabf'),(4,'12365478910','733d7be2196ff70efaf6913fc8bdcabf'),(5,'12345678910','733d7be2196ff70efaf6913fc8bdcabf'),(6,'12345678910','d41d8cd98f00b204e9800998ecf8427e'),(7,'12345678910','4297f44b13955235245b2497399d7a93'),(8,'12345678910','d41d8cd98f00b204e9800998ecf8427e'),(9,'12345678910','4297f44b13955235245b2497399d7a93'),(10,'12345678918','e10adc3949ba59abbe56e057f20f883e'),(11,'12345612341','4297f44b13955235245b2497399d7a93'),(12,'12369854786','f379eaf3c831b04de153469d1bec345e'),(13,NULL,'d41d8cd98f00b204e9800998ecf8427e'),(14,'15639241162','96e79218965eb72c92a549dd5a330112'),(15,'15639241166','96e79218965eb72c92a549dd5a330112'),(16,'15639245621','96e79218965eb72c92a549dd5a330112'),(17,'15632456963','96e79218965eb72c92a549dd5a330112'),(18,'12312312312','1c63129ae9db9c60c3e8aa94d3e00495'),(19,'12312312311','e10adc3949ba59abbe56e057f20f883e'),(20,'13716192702','4297f44b13955235245b2497399d7a93');
/*!40000 ALTER TABLE `l_user` ENABLE KEYS */;
UNLOCK TABLES;

--
-- Table structure for table `shop_cart`
--

DROP TABLE IF EXISTS `shop_cart`;
/*!40101 SET @saved_cs_client     = @@character_set_client */;
/*!40101 SET character_set_client = utf8 */;
CREATE TABLE `shop_cart` (
  `cart_id` int(11) NOT NULL AUTO_INCREMENT,
  `goods_id` int(11) DEFAULT NULL,
  `id` int(11) DEFAULT NULL,
  `ctime` int(11) DEFAULT NULL,
  `utime` int(11) DEFAULT NULL,
  `buy_number` int(11) DEFAULT NULL,
  `shop_price` float(10,2) DEFAULT NULL,
  `status` int(11) DEFAULT '1',
  PRIMARY KEY (`cart_id`)
) ENGINE=MyISAM AUTO_INCREMENT=34 DEFAULT CHARSET=utf8;
/*!40101 SET character_set_client = @saved_cs_client */;

--
-- Dumping data for table `shop_cart`
--

LOCK TABLES `shop_cart` WRITE;
/*!40000 ALTER TABLE `shop_cart` DISABLE KEYS */;
INSERT INTO `shop_cart` VALUES (28,34,2,1551443365,NULL,1,NULL,0),(29,3,2,1551443375,NULL,1,NULL,0),(30,11,2,1551443556,NULL,1,NULL,0),(31,13,2,1551444262,NULL,1,NULL,0),(32,18,2,1551486507,NULL,1,NULL,0),(33,17,2,1551493049,NULL,1,NULL,0);
/*!40000 ALTER TABLE `shop_cart` ENABLE KEYS */;
UNLOCK TABLES;

--
-- Table structure for table `shop_cate`
--

DROP TABLE IF EXISTS `shop_cate`;
/*!40101 SET @saved_cs_client     = @@character_set_client */;
/*!40101 SET character_set_client = utf8 */;
CREATE TABLE `shop_cate` (
  `cat_id` int(11) NOT NULL AUTO_INCREMENT,
  `cat_name` varchar(31) DEFAULT NULL,
  `pid` int(11) DEFAULT NULL,
  `path` varchar(31) DEFAULT NULL,
  PRIMARY KEY (`cat_id`)
) ENGINE=MyISAM AUTO_INCREMENT=26 DEFAULT CHARSET=utf8;
/*!40101 SET character_set_client = @saved_cs_client */;

--
-- Dumping data for table `shop_cate`
--

LOCK TABLES `shop_cate` WRITE;
/*!40000 ALTER TABLE `shop_cate` DISABLE KEYS */;
INSERT INTO `shop_cate` VALUES (1,'生鲜水果',0,'0'),(2,'母婴玩具',0,'0'),(3,'零食/茶酒/进口食品',0,'0'),(4,'家具建材',0,'0'),(5,'医药保健',0,'0'),(6,'保健品',5,'0-5'),(7,'医药',5,'0-5'),(8,'医疗器械',5,'0-5'),(9,'轮椅',8,'0-5-8'),(10,'血压计',8,'0-5-8'),(11,'腰酸腿疼',7,'0-5-7'),(12,'感冒咳嗽',7,'0-5-7'),(13,'蛋类',1,'0-1'),(14,'肉类',1,'0-1'),(15,'鸡蛋',13,'0-1-13'),(16,'鸭蛋',13,'0-1-13'),(17,'牛肉',14,'0-1-14'),(18,'羊肉',14,'0-1-14'),(19,'卧室家具',4,'0-4'),(20,'书房儿童',4,'0-4'),(21,'床',19,'0-4-19'),(22,'电脑桌',20,'0-4-20'),(23,'儿童床',20,'0-4-20'),(24,'鹌鹑蛋',13,'0-1-13');
/*!40000 ALTER TABLE `shop_cate` ENABLE KEYS */;
UNLOCK TABLES;

--
-- Table structure for table `shop_category`
--

DROP TABLE IF EXISTS `shop_category`;
/*!40101 SET @saved_cs_client     = @@character_set_client */;
/*!40101 SET character_set_client = utf8 */;
CREATE TABLE `shop_category` (
  `cate_id` int(11) NOT NULL AUTO_INCREMENT,
  `cate_name` varchar(45) DEFAULT NULL,
  `create_time` int(11) DEFAULT NULL,
  `pid` int(11) DEFAULT NULL,
  `cate_show` tinyint(4) DEFAULT NULL,
  `cate_navshow` tinyint(4) DEFAULT NULL,
  PRIMARY KEY (`cate_id`)
) ENGINE=InnoDB AUTO_INCREMENT=173 DEFAULT CHARSET=utf8;
/*!40101 SET character_set_client = @saved_cs_client */;

--
-- Dumping data for table `shop_category`
--

LOCK TABLES `shop_category` WRITE;
/*!40000 ALTER TABLE `shop_category` DISABLE KEYS */;
INSERT INTO `shop_category` VALUES (1,'女装新品',1542012738,0,1,1),(2,'当季流行',1542012738,1,1,2),(3,'女装新品',1542012738,2,1,2),(4,'仙女连衣裙',1542012738,2,1,2),(5,'衬衫',1542012738,2,1,2),(6,'浪漫裙装',1542012738,1,1,2),(7,'连衣裙',1542012738,6,1,2),(8,'半身裙',1542012738,6,1,2),(9,'牛仔裙',1542012738,6,1,2),(10,'真丝连衣裙',1542012738,6,1,2),(11,'女士下装',1542012738,1,1,2),(12,'休闲裤',1542012738,11,1,2),(13,'牛仔裤',1542012738,11,1,2),(14,'打底裤',1542012738,11,1,2),(15,'开叉运动裤',1542012738,11,1,2),(16,'家居服',1542012738,1,1,2),(17,'初夏家居服',1542012738,16,1,2),(18,'纯棉家居服',1542012738,16,1,2),(19,'真丝家居服',1542012738,16,1,2),(20,'春夏睡服',1542012738,16,1,2),(21,'美妆',1542012738,0,1,1),(22,'护肤品',1542012738,21,1,2),(23,'面膜',1542012738,22,1,2),(24,'精华液',1542012738,22,1,2),(25,'爽肤水',1542012738,22,1,2),(26,'彩妆',1542012738,21,1,2),(27,'香水',1542012738,26,1,2),(28,'BB霜',1542012738,26,1,2),(29,'美容工具',1542012738,26,1,2),(30,'口红',1542012738,26,1,2),(31,'美容护发',1542012738,21,1,2),(32,'洗发水',1542012738,31,1,2),(33,'护发素',1542012738,31,1,2),(34,'染发霜',1542012738,31,1,2),(35,'男性假发',1542012738,31,1,2),(36,'口腔护理            ',1542012738,21,1,2),(37,'牙膏',1542012738,36,1,2),(38,'进口牙膏',1542012738,36,1,2),(39,'牙刷',1542012738,36,1,2),(40,'口腔美白',1542012738,36,1,2),(41,'手机/数码/电脑办公',1542012738,0,1,1),(42,'热门手机',1542012738,41,1,2),(43,'小米',1542012738,42,1,2),(44,'魅族',1542012738,42,1,2),(45,'OPPO',1542012738,42,1,2),(46,'电脑整机',1542012738,41,1,2),(47,'笔记本',1542012738,46,1,2),(48,'台式机',1542012738,46,1,2),(49,'一体机',1542012738,46,1,2),(50,'游戏本',1542012738,46,1,2),(51,'硬件存储',1542012738,41,1,2),(52,'显示器',1542012738,51,1,2),(53,'机械键盘',1542012738,51,1,2),(54,'固态硬盘',1542012738,51,1,2),(55,'显卡',1542012738,51,1,2),(56,'影音娱乐',1542012738,41,1,2),(57,'耳机',1542012738,56,1,2),(58,'数码影音',1542012738,56,1,2),(59,'蓝牙耳机',1542012738,56,1,2),(60,'网络播放器',1542012738,56,1,2),(61,'母婴玩具',1542012738,0,1,1),(62,'童装',1542012738,61,1,2),(63,'奶粉',1542012738,61,1,2),(64,'童鞋',1542012738,61,1,2),(65,'套装',1542012738,62,1,2),(66,'裙子',1542012738,62,1,2),(67,'亲子装',1542012738,62,1,2),(68,'连体衣',1542012738,62,1,2),(69,'牛奶粉',1542012738,63,1,2),(70,'DHA',1542012738,63,1,2),(71,'宝宝零食',1542012738,63,1,2),(72,'宝宝营养',1542012738,63,1,2),(73,'学步鞋',1542012738,64,1,2),(74,'亲子鞋',1542012738,64,1,2),(75,'靴子',1542012738,64,1,2),(76,'帆布鞋',1542012738,64,1,2),(77,'零食/茶酒/进口食品',1542012738,0,1,1),(78,'进口食品',1542012738,77,1,2),(79,'茶叶',1542012738,77,1,2),(80,'粮油速食',1542012738,77,1,2),(81,'进口巧克力',1542012738,78,1,2),(82,'进口饮料',1542012738,78,1,2),(83,'进口果干',1542012738,78,1,2),(84,'进口牛奶',1542012738,78,1,2),(85,'西湖龙井',1542012738,79,1,2),(86,'普洱茶',1542012738,79,1,2),(87,'玫瑰花茶',1542012738,79,1,2),(88,'大红袍',1542012738,79,1,2),(89,'橄榄油',1542012738,80,1,2),(90,'意大利面',1542012738,80,1,2),(91,'手抓饼',1542012738,80,1,2),(92,'桂圆干',1542012738,80,1,2),(93,'生鲜水果',1542012738,0,1,1),(94,'新鲜蔬菜',1542012738,93,1,2),(95,'蛋类',1542012738,93,1,2),(96,'肉类',1542012738,93,1,2),(97,'土豆',1542012738,94,1,2),(98,'山药',1542012738,94,1,2),(99,'莲藕',1542012738,94,1,2),(100,'玉米',1542012738,94,1,2),(101,'鸡蛋',1542012738,95,1,2),(102,'鸭蛋',1542012738,95,1,2),(103,'鸽子蛋',1542012738,95,1,2),(104,'咸鸭蛋',1542012738,95,1,2),(105,'牛排',1542012738,96,1,2),(106,'牛腩',1542012738,96,1,2),(107,'羊肉',1542012738,96,1,2),(108,'鸡肉',1542012738,96,1,2),(109,'大家电/生活电器',1542012738,0,1,1),(110,'平板电视',1542012738,109,1,2),(111,'空调',1542012738,109,1,2),(112,'冰箱',1542012738,109,1,2),(113,'4K超高清',1542012738,110,1,2),(114,'外资品牌',1542012738,110,1,2),(115,'曲面',1542012738,110,1,2),(116,'智能电视',1542012738,110,1,2),(117,'节能',1542012738,111,1,2),(118,'智能',1542012738,111,1,2),(119,'变频',1542012738,111,1,2),(120,'挂机',1542012738,111,1,2),(121,'电脑控温',1542012738,112,1,2),(122,'智能',1542012738,112,1,2),(123,'对开门',1542012738,112,1,2),(124,'无霜',1542012738,112,1,2),(125,'家具建材',1542012738,0,1,2),(126,'成套家具',1542012738,125,1,2),(127,'卧室家具',1542012738,125,1,2),(128,'书房儿童',1542012738,125,1,2),(129,'客厅成套家具',1542012738,126,1,2),(130,'餐厅成套家具',1542012738,126,1,2),(131,'卧室成套家具',1542012738,126,1,2),(132,'儿童成套家具',1542012738,126,1,2),(133,'床',1542012738,127,1,2),(134,'衣柜',1542012738,127,1,2),(135,'床垫',1542012738,127,1,2),(136,'简易衣柜',1542012738,127,1,2),(137,'电脑桌',1542012738,128,1,2),(138,'书架',1542012738,128,1,2),(139,'儿童床',1542012738,128,1,2),(140,'儿童衣柜',1542012738,128,1,2),(141,'医药保健',1542012738,0,1,2),(142,'保健品',1542012738,141,1,2),(143,'医疗器械',1542012738,141,1,2),(144,'医药',1542012738,141,1,2),(145,'胶原蛋白',1542012738,142,1,2),(146,'抗氧化',1542012738,142,1,2),(147,'减肥茶',1542012738,142,1,2),(148,'维生素',1542012738,142,1,2),(149,'制氧机',1542012738,143,1,2),(150,'体温计',1542012738,143,1,2),(151,'助听器',1542012738,143,1,2),(152,'轮椅',1542012738,143,1,2),(153,'感冒咳嗽',1542012738,144,1,2),(154,'腰腿疼痛',1542012738,144,1,2),(155,'针灸拔罐',1542012738,144,1,2),(156,'皮炎湿疹',1542012738,144,1,2),(157,'大家电/生活电器',1542012738,0,1,2),(158,'厨房烹饪',1542012738,157,1,2),(159,'餐饮具',1542012738,157,1,2),(160,'居家礼品',1542012738,157,1,2),(161,'炒锅',1542012738,158,1,2),(162,'平底锅',1542012738,158,1,2),(163,'水果刀',1542012738,158,1,2),(164,'砂锅',1542012738,158,1,2),(165,'杯具套餐',1542012738,159,1,2),(166,'保温杯',1542012738,159,1,2),(167,'筷子',1542012738,159,1,2),(168,'保温盒',1542012738,159,1,2),(169,'生日礼物',1542012738,160,1,2),(170,'创意礼品',1542012738,160,1,2),(171,'婚庆用品',1542012738,160,1,2),(172,'相册',1542012738,160,1,2);
/*!40000 ALTER TABLE `shop_category` ENABLE KEYS */;
UNLOCK TABLES;

--
-- Table structure for table `shop_goods`
--

DROP TABLE IF EXISTS `shop_goods`;
/*!40101 SET @saved_cs_client     = @@character_set_client */;
/*!40101 SET character_set_client = utf8 */;
CREATE TABLE `shop_goods` (
  `goods_id` int(11) NOT NULL AUTO_INCREMENT,
  `is_tell` int(11) DEFAULT '1',
  `goods_name` varchar(45) DEFAULT NULL,
  `goods_like` int(11) DEFAULT NULL,
  `goods_price` float(11,2) DEFAULT NULL,
  `goods_marke` float(11,2) DEFAULT NULL,
  `goods_show` tinyint(4) DEFAULT '2',
  `goods_new` tinyint(4) DEFAULT '2',
  `goods_best` tinyint(4) DEFAULT '2',
  `goods_hot` tinyint(4) DEFAULT '2',
  `sale_num` tinyint(4) DEFAULT NULL,
  `goods_desc` text,
  `goods_num` int(11) DEFAULT NULL,
  `goods_score` int(11) DEFAULT NULL,
  `goods_img` varchar(225) DEFAULT NULL,
  `goods_imgs` varchar(225) DEFAULT NULL,
  `create_time` int(11) DEFAULT NULL,
  `cate_id` int(11) NOT NULL,
  `brand_id` int(11) NOT NULL,
  PRIMARY KEY (`goods_id`),
  KEY `fk_shop_goods_shop_category_idx` (`cate_id`),
  KEY `fk_shop_goods_shop_brand1_idx` (`brand_id`)
) ENGINE=InnoDB AUTO_INCREMENT=116 DEFAULT CHARSET=utf8;
/*!40101 SET character_set_client = @saved_cs_client */;

--
-- Dumping data for table `shop_goods`
--

LOCK TABLES `shop_goods` WRITE;
/*!40000 ALTER TABLE `shop_goods` DISABLE KEYS */;
INSERT INTO `shop_goods` VALUES (1,1,'华为nave3e',1,2399.00,2499.00,1,1,1,2,1,NULL,99,200,'20181129\\cc6098e676e6344fd81eb5159dc97411.jpg','20181205\\8f638689f47361fd2c5a86786b4a75e2.jpg|20181205\\522f7673045621a3faa8111dce76be21.jpg|20181205\\1f58e28bac59d99051793a3cc3e07d55.png|',1543487822,173,2),(2,1,'荣耀Magic2',1,3999.00,4199.00,1,1,1,2,2,NULL,99,500,'20181129\\8c6be8d406023a496a8852dc782e9e77.jpg','20181205\\5ec24ce953de1c91fb546660e0972cad.png|20181205\\0d8619575917d601b710b8221cb9700a.png|20181205\\24db33a08d726da82ce2a09bb605272c.png|',1543488038,173,2),(3,1,'华为Mate20Pro',1,5399.00,5499.00,1,1,1,1,3,NULL,5,500,'20181129\\fb786493231a4515393c86398f201a19.png','20181205\\7c5ffe1debb032fdc1ac59e27166b8c3.jpg|20181205\\1d54ba6013c1b6d9063fe734b9ac5199.png|20181205\\4d40a5b914293193522954a9845db673.png|',1543489121,173,2),(4,1,'华为Book',2,7899.00,8100.00,1,1,1,1,4,NULL,200,500,'20181129\\672f760ad96d766cb14b0f037045ae86.jpg','20181205\\22e6bb78024aaca34a7090bb673bab7f.jpg|20181205\\47d069ffc47ca2db4a5b27521f8ddea0.jpg|20181205\\7c774796aecedc4bfeb8ea2be012b4cb.jpg|',1543489859,47,2),(5,1,'华硕Fl8000',1,5600.00,5899.00,1,1,1,2,5,NULL,200,500,'20181129\\a0eecef4b1dd4ab64ae899c32a84f6fa.jpg','20181205\\dfa82ed8191abb0e579ffefc64f2b4f1.jpg|20181205\\02a3365433f734394aab97e5006c203e.jpg|20181205\\40a1bd186c7c99c9c936a2da60fe4ce5.jpg|',1543489906,47,1),(6,1,'飞行堡垒5',1,6500.00,6800.00,1,1,1,1,6,NULL,500,900,'20181129\\b27573e5e26a805c57d6b0057c3c7970.jpg','20181205\\9a104a598892b287b7f0219a764e610e.jpg|20181205\\3a171a84a33458e34b7811d29b73b841.jpg|20181205\\440c5609374328e35818db4ff1b857da.jpg|',1543490011,50,1),(7,1,'小清新5600',2,5300.00,5499.00,1,1,1,1,7,NULL,100,300,'20181129\\4f54636e695e8d55b51e33e82ef81a17.jpg','20181205\\35aa2ef82ad160e6a878bad78de32def.jpg|20181205\\628f97eb23d9aa5587fde99da7707f74.jpg|20181205\\5c29ac8e82b92937c78bfe67eb8b5096.jpg|',1543490068,47,5),(8,1,'联想-潮7000-i5',1,5600.00,5799.00,1,1,1,1,8,NULL,200,800,'20181129\\9ce1e0263429bc1ae51ea73d5d2ecdf1.jpg','20181205\\afcbe5ed1aecb9a5a8bd9be0fac5a8c3.jpg|20181205\\42c510364814d7a5885c986b0588c44c.jpg|20181205\\f5385728394a61b690dabc9f5a5d0a04.jpg|',1543490145,1,5),(9,1,'联想AF6500',2,4399.00,4500.00,1,1,1,2,9,NULL,200,500,'20181129\\0256701f6e708ebb663d7fd8164f16fd.jpg','20181205\\c6e5856bf05d8b1d11d48374b3846d6a.jpg|20181205\\b847da16ec92ea99c41b58ed4d31bb82.jpg|20181205\\821984608695bd7af7db73358f952dcf.jpg|',1543490257,50,5),(10,1,'韩都衣舍韩版连衣裙',2,585.00,585.00,1,1,1,1,10,NULL,1000,500,'20181205\\70cab0f255625bf15f08c5fbdfc554ea.png','20181205\\691320ebffb4a0189815aa6c784548e9.png|20181205\\e1da91dad322ea03b255ecda9648e0d8.png|20181205\\4a9f50d00078c5c8b4c51dbee556e42b.png|',1543488252,7,10),(11,1,'韩都衣舍2018秋装新款女复古高腰丝绒百褶a字裙半身裙DU8576樱',2,136.00,136.00,1,1,1,1,11,NULL,1900,100,'20181129\\4b2f42132a50cf649a6288fdbb9ec0e8.png','20181205\\362050621a6c7e742fea46ac52d9aaa9.png|20181205\\4f0817797c81494f2de5486afddb5a03.png|20181205\\ed384f53508fe2d87a1c952e3e8e854b.png|',1543488447,8,10),(12,1,'韩都衣舍2018秋装新款女复古chic高腰牛仔裙中长款半身裙DU8847樱',2,100.00,100.00,1,2,1,2,12,NULL,123,111,'20181129\\8574c9ac87877b013fab0d5d18bce805.png','20181205\\f161b2467ac740dacf5fc0f28e8e289f.png|20181205\\bda279b7551e3931e3e3eba42382fa17.png|20181205\\9f350e353c894b8adfc64330e68b0790.png|',1543488587,1,10),(13,1,'海青蓝连衣裙女秋冬毛衣配裙子两件套装打底裙过膝2018新款09272',2,400.00,400.00,1,1,1,1,13,NULL,111,111,'20181129\\2343510b0e7dac1dc6f7b86a88a0e10d.png','20181129\\a6fc965c0f0495ac56a1de78294b16f1.png|20181129\\4473dafc67077340394a5227f0947cbb.png|20181129\\f543a22d07aad7e842e177f2097446af.png|',1543488919,4,10),(14,1,'芬腾居家长袖睡衣女春秋冬季全棉质休闲卡通针织纯棉家居服套装',2,138.00,138.00,1,1,1,1,14,NULL,10,133,'20181129\\e72b56c5c94a45dd41e7a1a059bc1029.png','20181129\\d110caf007fb4d126ca14122e6506d3a.png|20181129\\4d27f710eae1b8fdac7366ca844fc690.png|20181129\\b2533a65d345054e684ebea8f3e5d56b.png|',1543489298,18,11),(15,1,'女装 防风保暖长裤 409066 优衣库UNIQLO',2,299.00,299.00,1,1,1,1,15,NULL,299,100,'20181129\\1804250205b7a56d90ff82996898839e.png','20181129\\3c488b526b43877491a9e71602cd17a3.png|20181129\\8a79b6bc006365504f305eda4ad134ee.png|20181129\\f5b235989d34e7748f8008fab7168388.png|',1543489495,12,12),(16,1,'女装 休闲运动长裤 409490 优衣库UNIQLO',2,300.00,300.00,1,1,1,1,16,NULL,200,300,'20181129\\8ef979ba97e410c73b074bd4b75cf9bd.png','20181129\\d03f99bd034d62a1a3600644e65fac6d.png|20181129\\98059ff102cf5e131266ceb0480766e6.png|20181129\\c33b5124ab9470b232e19f0f4fa0bed4.png|',1543489638,12,12),(17,1,'秋冬2018新款加厚加绒松紧腰牛仔裤女宽松哈伦裤休闲韩版学生bf潮',2,109.00,109.00,1,1,1,1,17,NULL,111,111,'20181129\\17727a02afdd965cb297b8ae92ef5b1f.png','20181129\\4b04a1595c81e95962ade9f471424e05.png|20181129\\6d434d2e11080ad2ee7be22d88686955.png|20181129\\d2cea138db6f3edae1feec24658ba368.png|',1543489771,13,12),(18,1,'颈袖添香2018春秋装新款职业装长袖包臀修身显瘦真丝碎花连衣裙女',2,699.00,699.00,1,1,1,1,18,NULL,200,300,'20181129\\05462edcd33949f547044861641660bc.png','20181129\\6bbe37d3b21384fde23a17b8c9dffd3c.png|20181129\\d7836f77e941d5e83653dc0989e911a2.png|20181129\\d30664371e6a65bff53791d1cc051c7a.png|',1543489891,10,13),(19,1,'乐扣乐扣玻璃油壶 酱油瓶醋瓶装香油瓶油罐家用油瓶 家用 厨房',2,39.00,39.00,1,1,1,1,19,NULL,1000,100,'20181129\\93eaa0ce9784fa828e49e9c08e2bfd89.png','20181129\\51f3f0afc0055d3d8c00616daab96037.png|20181129\\2f19b69c9deed3fb28c3a4046743f041.png|20181129\\ef8229023658515f06454a795aeb2b9c.png|',1543490460,165,14),(20,1,'韩国乐扣乐扣平底锅不粘锅多功能牛排锅 鸡蛋麦饭石不粘锅煎锅',2,90.00,90.00,1,1,1,1,20,NULL,100,111,'20181129\\730ac51bd63dae012d7cfc1d2e47a7a9.png','20181129\\5aaffcf70ea190bf5eb751b3d6d37f76.png|20181129\\79a68197663f7377abf59bb958359c1c.png|20181129\\5a184cfabdb9b739b73b350f04f891aa.png|',1543490635,162,14),(21,1,'乐扣乐扣陶瓷水果刀折叠瓜果刀套装2件套家用便携随身小刀陶瓷刀',2,30.00,35.00,1,1,1,1,21,NULL,500,30,'20181129\\62bec94efebe165d3a8696dd8d8c4bd5.png','20181129\\39f7e12ca745f5b39aff3b40a74d33ed.png|20181129\\df0ccbb4c32f9b3ea06bd2189bb52fb1.png|20181129\\8da0bdc3cf9b778a4f0390e1c2c01079.png|',1543490823,163,14),(22,1,'3M舒适型防滑耐磨手套工业工作劳动丁腈涂掌浸胶劳保防护手套透气',2,21.00,21.00,1,1,1,1,22,NULL,2111,12,'20181129\\cf86ee8b9850614570b0743c55403f0d.png','20181129\\4ce303f2928317d2c1d59a605d52c3b6.png|20181129\\6a51a02bd92d73ad38fe6ee302b1f852.png|20181129\\d07d4314fa5ab32fa11248d8b40b49b4.png|',1543491093,170,15),(23,1,'大英博物馆官方法老的朋友手机壳iPhone7/8/8P/X保护套钢化玻璃',2,46.00,46.00,1,1,1,1,23,NULL,1345,111,'20181129\\0d5c09d296ecef75254bf91e19ac8e38.png','20181129\\392aeea5cf626ff36109824f64fd24f9.png|20181129\\b41600dba6ce77e6ecc80dc9514ba33c.png|20181129\\b48a6874ba428714a7ec5bab9ff1c8a1.png|',1543491230,170,16),(24,1,'【定制服务】抖音同款生日礼物成品爆炸盒子diy手工女朋友男朋友',2,198.00,198.00,1,1,1,1,24,NULL,1980,199,'20181129\\dc25898b315be1843cd7de35593f5f29.png','20181129\\f98e6c957b1ee0b8a0b809d6d9d8a26a.png|20181129\\7e1f5e7f5b3afa83f3dcc629dbe004ed.png|20181129\\18ab37f6318b003bc2a3d6112c98d3fd.png|',1543491380,169,14),(25,1,'5678寸一本装 相册影集混装插页式家庭相册本纪念册6寸容量1198张',2,35.00,35.00,1,1,1,1,25,NULL,1000,100,'20181129\\71a84356c18b55d22ed42763f2f4a032.png','20181129\\270604aa6e60e94b62be24d865726f81.png|20181129\\c766529e845077934a493816dbe50a43.png|20181129\\0b05faf9c0c72ed0b0c2ac550558b2ce.png|',1543491596,172,17),(26,1,'宝宝相册成长记录影集相册本粘贴式diy手工制作纪念册幼儿记录册',2,99.00,99.00,1,1,1,1,26,NULL,100,100,'20181129\\b0cd90010b5658cd1dfb1f6112b8e70a.png','20181129\\79b152bc0c422396bc99ed068d7754fb.png|20181129\\87c56d06af610d2726f872908d3c6a25.png|20181129\\f2e8155da30a0c9a89f74e1d65bfe47a.png|',1543491686,172,17),(27,1,'男童金丝绒宝宝韩版潮衣',2,179.00,200.00,1,1,1,1,27,NULL,123,24,'20181129\\776f2f6fb45f69844e2370c9561e258f.PNG','20181205\\d33131aa2bc10c32afe0bdcf21ce8231.png|20181205\\e53b63d5d6635c4a0fc075a2c95e173a.png|20181205\\ae22d528cdb60bfa26f551bbda0a2f61.png|',1543489902,65,12),(28,1,'福袋儿童四件套童装两穿棉服',2,849.00,849.00,1,1,1,1,28,NULL,123,23,'20181129\\76a5afafa31f1e1487dc8d97cf3bae8a.PNG','20181205\\50883ff8d641a3d5ab31a3611ac596f5.png|20181205\\427cc2da753856aabb82ed3c7dcd4655.png|20181205\\5bd556d33e6a63124eb6a782c025c5ce.png|',1543490201,65,12),(29,1,'南极人女童裤子2018新款男童装秋冬加绒加厚运动裤儿童宝宝休闲裤',2,40.00,50.00,1,1,1,1,29,NULL,43,45,'20181129\\1d839ff03a52cbc55778b65f5bd83f64.PNG','20181205\\9f8b0710ed2207f44758e9f7fa24be1e.png|20181205\\f489a142483ff00cbc26fcdf37b7820c.png|20181205\\efe8dc2adc26b7b770f45b61a25be0fc.png|',1543490539,66,12),(30,1,'亲子装秋装2018新款潮全家装唐装一家三口套装母子母女装洋气创意',2,209.00,300.00,1,1,1,1,30,NULL,2334,324,'20181129\\1f26e39b733edcb666097d71302b313b.PNG','20181205\\2fdbc5620a42beefbfc4c9130e0e4853.png|20181205\\b6b681f1b360cacd74c602ae99f38beb.png|20181205\\89cc5d1e687f4e8834246896164eb6d8.png|',1543490758,67,12),(31,1,'亲子装冬装2018新款潮卫衣加绒全家装母子母女装一家三口套装秋装',2,159.00,170.00,1,1,1,1,31,NULL,2323,332,'20181129\\f89bd8a38355e7ff49a87c4b5d0d3c13.PNG','20181205\\8ee1ea0a14da196825e2b54319c7ef70.png|20181205\\079b9d3a2142f658dd58a63fdc3081ec.png|20181205\\eaf5971269c4d0d569feb301985841ab.png|',1543490893,67,12),(32,1,'【直营】澳洲a2进口婴幼儿配方奶粉3段900g*6罐1岁以上宝宝适用',2,1280.00,1300.00,1,1,1,1,32,NULL,3213,234,'20181129\\0f508a2900c3b835d176085c4bcaa0e6.PNG','20181205\\9b58a5f5691d0847953ba0ceb0c98303.png|20181205\\0bc0f45a67e7d7717efcad7212cd51f7.png|20181205\\29ab1fe9de33453a0e678e72423f7352.png|',1543491098,69,18),(33,1,'MIKIHOUSE日本制获奖款一二段学步鞋男女宝宝经典款卡通童鞋保税',2,729.00,800.00,1,1,1,1,33,NULL,234,123,'20181129\\3c0dc0c814f2c8da68433f890735b8f1.PNG','20181205\\a71e7609d21d10c0d43ed73dcbae0a9a.png|20181205\\719cf346037aaf39cbfad1a78b02281b.png|20181205\\1ed775bc45a894d2b991dc11624ce0e5.png|',1543491275,73,19),(34,1,'UGG童鞋女童靴子新品儿童雪地靴皮毛一体蝴蝶结短靴 1019036K/T',2,637.00,800.00,1,1,1,1,34,NULL,2342,233,'20181129\\92dc621b2bb8b61401afa0919f1c0251.PNG','20181205\\17aac3ec5cb28fa8bf8375fe3360383f.png|20181205\\b68b9ad5840b49df4689f6eb36fd82a6.png|20181205\\63fff8b1abff313f40eb6daefd0c9193.png|',1543491465,75,19),(35,1,'【原装进口】纽曼思（原纽曼斯）海藻油DHA儿童型90粒装',2,499.00,600.00,1,1,1,1,35,NULL,2342,234,'20181129\\f3ffa4ee8a40fa04e6f271796da2f055.PNG','20181205\\ff39559d718ea3d2baf77b02a490d3cc.png|20181205\\a770291e0eb582add60c845b019a0070.png|20181205\\55983491b2b98b561d66096c0e2bb761.png|',1543491651,72,18),(36,1,' 新鲜黑土豆',2,37.00,39.00,1,1,1,1,36,NULL,100,100,'20181129\\d5d9d6dee2cd8328f01b1ddcb1be12ab.jpg','20181205\\d23110a597035bf24efe9979c1817bd1.png|20181205\\a248bdde6193b657ebdfc96d4e176c26.png|',1543489043,97,20),(37,1,'红皮黄心土豆',2,17.00,18.00,1,1,1,1,37,NULL,12,111,'20181129\\f59d4404a842c96b41837d90b9e45e4e.jpg','20181205\\335fdbcf2aed18be0c30e5510d75b0c6.png|20181205\\d9394bded4eaf50bdc4ba920e8162d18.png|',1543489043,97,20),(38,1,'易家菜园土豆',2,20.00,21.00,1,1,1,1,38,NULL,12,121,'20181129\\657e962eaa04bea93dc063f0df935fb4.jpg','20181205\\2f205ed3277278e3bad5ef993fc1eef7.png|20181205\\28dbadf7f6b13645b45906e3684bc174.png|20181205\\61d1a59c3153fffc391d3f24f42d97ae.png|',1543489043,97,20),(39,1,'云南小洋芋马铃薯',2,35.00,38.00,1,1,1,1,39,NULL,12,100,'20181129\\26f224a00fa494c7dbf2adcf375c1fca.jpg','20181205\\86c001f2a00b6910e45c041db8fb7480.png|20181205\\34f4be8aba474d2b4fc8c769654f6702.png|20181205\\f7fa47f36f8e9b3ad2d344ea9d90dbf3.png|',1543489043,97,20),(40,1,'红土豆+黑土豆新鲜农家自种红皮红心马铃薯',2,45.00,48.00,1,1,1,1,40,NULL,121,99,'20181129\\3dc08a8bf80c50335fdfb30f02db18fe.jpg','20181205\\b4fe4a41b253f045b3176d11aaceaac0.png|20181205\\3757bd2545fcb73407e7a3522a2e3ee7.png|',1543489043,97,20),(41,1,'后旗红马铃薯',2,79.00,89.00,1,1,1,1,41,NULL,100,100,'20181129\\a520d33402215c4a4fac6920eba91626.jpg','20181205\\58fd8712d2406752db705e1e23dc199d.png|20181205\\cf50b0040efdb9bab81f4a375f7baa07.png|',1543489043,97,20),(42,1,'新鲜铁棍山药',2,16.00,18.00,1,1,1,1,42,NULL,11,100,'20181129\\566ff5ffce903dba5d609fb48fcac2f0.jpg','20181205\\8be818fc159c5d50110bf23195670fcd.png|20181205\\4e7dbaa73fd1aca8b0a9a7649c95c4ca.png|',1543489043,98,20),(43,1,'邻夫温县垆土铁棍山药',2,17.00,19.00,1,1,1,1,43,NULL,17,11,'20181129\\75f8b7d2fc68f7d88530f824479c2652.jpg','20181205\\260def0957403fdd427e7708a8644dc1.png|20181205\\8158480949273402b7657bcde33e729a.png|20181205\\355e6744a18f253c58c7848efce0f158.png|',1543489043,98,20),(44,1,'铁杆山药薯',2,69.00,79.00,1,1,1,1,44,NULL,100,100,'20181129\\ee7105b27f94970299b3a5f8a87ffd62.jpg','20181205\\e2d7ce996ba4cf5fd131a0183c7e2eaf.png|20181205\\a5cd8bee774a2a566ca2f8c3b429ec09.png|20181205\\bc577fe902c713400b228c14c631656d.png|',1543489043,98,20),(45,1,'北粉藕洪湖莲藕',2,17.00,19.00,1,1,1,1,45,NULL,100,100,'20181129\\f4783a065df01f10e9ce8a60ba4ed0ec.jpg','20181205\\e3eaa145774f970a7a9ef3707b526b01.png|20181205\\f486ca63db6f07e0e97a7e8319f63253.png|20181205\\cf97b88b526f12f585807ab0829c75b1.png|',1543489043,99,20),(46,1,'洪湖藕带泡椒酸辣味',2,52.00,56.00,1,1,1,1,46,NULL,100,51,'20181129\\e60e4fdc8517fae4f1a926c2754fca85.jpg','20181205\\34ed06943791ca7c654975afb5a7109b.png|20181205\\431dba51046ee549dd85b0aaae0e9cdf.png|',1543489043,99,20),(47,1,'水煲汤莲藕',2,30.00,34.00,1,1,1,1,47,NULL,100,100,'20181129\\96614117900f4e497f077be745c90c03.jpg','20181205\\99122dcb5057f57c73312c02f9682099.png|20181205\\f20ed4d59afccbb66bdc2bcd01d251ca.png|20181205\\bb0ff70e3af7b4955e7b5ad450e0cbc7.png|',1543489043,99,20),(48,1,'云南水果玉米甜玉米',2,27.00,29.00,1,1,1,1,48,NULL,100,100,'20181129\\a9efe262dcc29b422d39961dbd02081c.jpg','20181205\\ec24d3d68db8de99f1c52c2edd426e61.png|20181205\\9d7f3f0011e0eba4f685c9c8b3049cb6.png|20181205\\ea8d8e93f6810d7e0c5530264da112f5.png|',1543489043,100,20),(49,1,'Dole都乐甜玉米粒',2,29.00,39.00,1,1,1,1,49,NULL,19,90,'20181129\\0fb63219169b38694e06e0ef2a092749.jpg','20181205\\348257e1370aad06f2b10892a682167e.png|20181205\\558286f05cb4a21032e663c8da946218.png|',1543489043,100,20),(50,1,'东北黑糯玉米穗',2,49.00,59.00,1,1,1,1,50,NULL,109,100,'20181129\\81bf3d25e17a5e103f58596ce55ea646.jpg','20181205\\2340092378fe852327e25ed98ce874c9.png|20181205\\0ff7dec8028ab5994dbce8471e13ecc5.png|20181205\\33754cae68604c08748afafafffa8fe5.png|',1543489043,100,20),(51,1,'全友家私茶几电视柜',2,1928.00,1988.00,1,1,1,1,51,NULL,100,199,'20181129\\3ae85f7053083c086d5f2da546678148.jpg','20181205\\8bbd2e45492df625068cee085c877f26.jpg|20181205\\e69d4f3286ef4bb5eda9d107b27cbe21.jpg|',1543489043,129,21),(52,1,'左右真皮沙发',2,12900.00,12989.00,1,1,1,1,52,NULL,1000,100,'20181129\\7cda2eebf7f93628186ac5378f21b47c.jpg','20181205\\113e0f25e3c18cb75fc4c91a6ee3e95b.jpg|20181205\\3047dc943dda34601ae1c0b01b71ac1b.jpg|',1543489043,129,21),(53,1,' 地中海风格茶几电视柜组合',2,11009.00,11289.00,1,1,1,1,53,NULL,120,123,'20181129\\d2033728c201de141286a29a155ffc22.jpg','20181205\\1a6f65d741b9b09469566ae955e746f9.jpg|',1543489043,129,21),(54,1,'芝华仕钢化玻璃实木长方形餐桌',2,3790.00,3899.00,1,1,1,1,54,NULL,123,100,'20181129\\16a5982bc6c12b01dbdfee482c7c5c16.jpg','20181205\\2dacf91efe638abcfa9239f7134e4993.jpg|',1543489043,130,21),(55,1,'现代轻北欧一桌四椅餐厅家具',2,2199.00,2999.00,1,1,1,1,55,NULL,198,109,'20181129\\69e2a67daed5ed25ee2d66d871c62ccc.jpg','20181205\\da1c17f608d782fe6a7ed8a9e0be70cb.jpg|',1543489043,130,21),(56,1,'现代简约床衣柜梳妆台组合',2,4799.00,4999.00,1,1,1,1,56,NULL,232,198,'20181129\\44f8a997a26d6acb83736272d130bb55.jpg','20181205\\1415aa6cb1b844505366c8c9da333603.jpg|20181205\\691c3c9227063e29cc92dbcad21092a6.jpg|',1543489043,131,21),(57,1,'家具套装组合卧室床衣柜成套婚房主卧五件套',2,6000.00,6089.00,1,1,1,1,57,NULL,277,100,'20181129\\b77575dc331b2baeade92d5f3d26e3bb.jpg','20181205\\b99f7fe81df3db2d7200f9cb8d699ab8.jpg|20181205\\39d609d15b062b2b24950591ccc6d840.jpg|20181205\\a7ccd45ede0dd15837982335278c848e.jpg|',1543489043,131,21),(58,1,'卧室成套家具套装组合',2,2699.00,2899.00,1,1,1,1,58,NULL,200,200,'20181129\\11de0143cc624d80249dd49ef4e8a14c.jpg','20181205\\83f050f32c0dd314d077769489ecf9b3.jpg|20181205\\d0e68fe29b3e5a2ed5bfe243b803370d.jpg|',1543489043,131,21),(59,1,'儿童成套家具儿童房家具组合套装',2,5555.00,6666.00,1,1,1,1,59,NULL,178,1000,'20181129\\1c26f00a25e232472c479734d45c23ba.jpg','20181205\\72d4fb51dc844fec9b9f42db0a8ce795.jpg|20181205\\b39a538cd0c893d6a2366c816d9a77c5.jpg|20181205\\dc872b54bfbc234ab2ca60af36a48c6b.jpg|',1543489043,132,21),(60,1,'女孩公主床卧室套房',2,2899.00,3099.00,1,1,1,1,60,NULL,1009,2899,'20181129\\f1d7ca221027091e5702ad1e2a1d95c6.jpg','20181205\\e42c366fda6465d59aae5784ee17bc76.jpg|20181205\\8d53a437059db2de23f00fa3ad0d6dba.jpg|',1543489043,132,21),(61,1,'地中海风格家具美式儿童房床衣柜',2,8999.00,9999.00,1,1,1,1,61,NULL,188,100,'20181129\\5d977c7e092b607daa956789201156b5.jpg','20181205\\06b776d5b7ca79bd82b987ce3ba9a970.jpg|',1543489043,132,21),(62,1,'双人床主卧婚床1.8米软床B127',2,5898.00,6669.00,1,1,1,1,62,NULL,199,590,'20181129\\a48456f2c7be5a84e21b431175d6007f.jpg','20181205\\844d11a3f762052f4fb992aa26f4e7ac.jpg|20181205\\16c5c7a0efdf0c4b4764e0bab7a44b0e.jpg|20181205\\322c3c4438c481026bccfff710953db2.jpg|',1543489043,133,21),(63,1,'顾家家居现代简约头层牛皮双人真皮皮床',2,6789.00,8978.00,1,1,1,1,63,NULL,100,100,'20181129\\2de7ed9454072e9ad428229e4532532c.jpg','20181205\\c1989d58bd3c254c5695e66d2a59123b.jpg|20181205\\a97c3d16074e334d812f0365fd04665f.jpg|',1543489043,133,21),(64,1,'美式实木儿童高低床子母床上下床双层床',2,1700.00,1789.00,1,1,1,1,64,NULL,100,100,'20181129\\84679e226ff0a152cceed655ee38e9d8.jpg','20181205\\6aee42b21972ef556ccb5bc64b722378.jpg|20181205\\9d1c7da996207402718b6187a6e6758a.jpg|',1543489043,133,21),(65,1,'全友家私衣柜主卧衣柜现代简约4/5门衣柜',2,1199.00,1299.00,1,1,1,1,65,NULL,189,100,'20181129\\81eaa245bb7b9dc5dca3ed40906c2fe4.jpg','20181205\\de7b2f34feb32b2e30ce3c74c1445207.jpg|20181205\\54f632ecc1cb34529f5fd348455bba3e.jpg|',1543489043,134,21),(66,1,'衣柜大衣橱卧室家用现代四门',2,1999.00,2899.00,1,1,1,1,66,NULL,179,100,'20181129\\60b8f3a45b70ccf6b83a992a8117d082.jpg','20181205\\886333dd1f8d688ee961285532cd1377.jpg|20181205\\22d72d614ceac468610d64ff2f9bc944.jpg|',1543489043,134,21),(67,1,'整装定制走入式衣柜推拉门整体衣柜定制家具',2,3888.00,3999.00,1,1,1,1,67,NULL,100,2999,'20181129\\6684e9697b1641c0e45c533ef1af6b7e.jpg','20181205\\eb1e6ed7acd633d785cb3ef2b4c5b632.jpg|20181205\\e55ea0c6be3741268d8c989911a00183.jpg|',1543489043,134,21),(68,1,'慕思 床垫棕垫',2,288.00,299.00,1,1,1,1,68,NULL,19,100,'20181129\\7633d91afac40016527435be83218e7e.jpg','20181205\\40987c0587acf657233368a2f353df4b.jpg|20181205\\9827e2ab59599503deab482e1fea97dc.jpg|',1543489043,135,21),(69,1,'独立弹簧1.5m1.8米床',2,1799.00,1999.00,1,1,1,1,69,NULL,100,1000,'20181129\\28cfcfb9123e2f1f490bb5a3f00bf179.jpg','20181205\\1e59a834b84619284cec6bac3f515a14.jpg|',1543489043,135,0),(70,1,'金橡树乳胶床垫泰国天然橡胶1.8m床',2,799.00,999.00,1,1,1,1,70,NULL,100,100,'20181129\\30923b4f27a15a34331d1b946f744576.jpg','20181205\\ac3515d19244340fe2438c588228ad8f.jpg|20181205\\21b239bf77db2eb98ba3381138e4beb0.jpg|20181205\\1650ad32b9c24f6d9680444ff0c0fd6d.jpg|',1543489043,135,22),(71,1,'电脑桌台式家用经济型书桌',2,799.00,899.00,1,1,1,1,71,NULL,100,100,'20181129\\a2da0677044be1f0d105cc873bd9c330.jpg','20181205\\72d8dc3de4c6330b3f5f2aa65e2da6c0.jpg|20181205\\3c4fef75c3ce9b3972ce9820985bb652.jpg|',1543489043,137,22),(72,1,'学生写字桌简易小桌子',2,689.00,799.00,1,1,1,1,72,NULL,100,100,'20181129\\3f3cc14dc7b3cf328bcaccbc6f3da27b.jpg','20181205\\bf71e2aab8cfc56b6f1c30f043008872.jpg|',1543489043,137,22),(73,1,'钢化玻璃电脑桌台式家用书架',2,369.00,399.00,1,1,1,1,73,NULL,100,100,'20181129\\5745183d195d1c83dae3c49a23d11acf.jpg','',1543489043,138,22),(74,1,'木马人简易书架收纳置物架',2,378.00,388.00,1,1,1,1,74,NULL,100,100,'20181129\\c4bec7dacb35f0d9d233c22bb563c39b.jpg','20181205\\51fc07d821794de68026279f448b6946.jpg|',1543489043,138,22),(75,1,'儿童床上下床高低床子母床',2,6000.00,6029.00,1,1,1,1,75,NULL,100,6000,'20181129\\deb3a24a1213cb0a0707fb8b655a8e78.jpg','20181205\\4cf3e057096601438207b9ff3ca6f14f.jpg|20181205\\10117266cc56b07d85f7a92ff1bc5fdc.jpg|',1543489043,139,22),(76,1,'百方家具儿童实木子母床双层床两层上下床铺高低床成人榉木多功能',2,189.00,199.00,1,1,1,1,76,NULL,100,100,'20181129\\3d4182ae64dd1652588c21dc598e0a44.jpg','20181205\\b9f2adfa3dba50536f4e7c4fb6e172e1.jpg|20181205\\bdf93d35a5e6f6638696d8117bcf39c4.jpg|',1543489043,139,22),(77,1,'全友家居青少年卧室家具衣柜板式环保衣柜衣橱三门衣柜106207',2,1199.00,1299.00,1,1,1,1,77,NULL,100,100,'20181129\\953e4ed4fd6c657bce4e4ce012fad7bc.jpg','20181205\\02edab5bd5c3558bc6c555d1e5c80ade.jpg|',1543489043,140,22),(78,1,'两门欧式儿童大衣柜推拉门移门衣橱实木小衣柜2门小户型滑门1.2米',2,277.00,288.00,1,1,1,1,78,NULL,266,100,'20181129\\5c276dd653678115fa1b7420e3692d78.jpg','20181205\\605a25288269c527c9f2a070afacbd8e.png|20181205\\867ab873d1773c162b9b334ce8acee97.png|20181205\\445f358c254c98b7ad1cbe86fd014fc9.png|',1543489043,140,22),(79,1,'百雀羚小雀幸静润补水保湿面膜女 海藻芦荟膜贴舒缓清爽补水弹润',2,240.00,250.00,1,1,1,2,79,NULL,1000,120,'20181129\\963bb10ab1a611ecc592431a9b41526e.jpg','20181205\\6664559b4cfcb5cc7926f31a178f73cb.png|20181205\\79bbd3d6a7932eb2fa32907426e6038f.png|20181205\\d421fee0ae26f77874ffef57a7a66900.png|',1543489043,23,23),(80,1,'夜间修护睡眠面膜 补水保湿免洗',2,195.00,200.00,1,2,1,1,80,NULL,3450,97,'20181129\\6a807ca7f3bfdc63e1bfa322d922aa6f.jpg','20181205\\95d54dbb03f21d80786526cb1271d65e.png|20181205\\950c9e9847aad048dd8e75134ade7d0c.png|20181205\\8518927a351f73f435ff44d703d30638.png|',1543489043,23,23),(81,1,'雅诗兰黛小棕瓶面部精华 特润修护肌透精华露',2,590.00,600.00,1,1,1,2,81,NULL,4500,295,'20181129\\c269b6b0367fad65ff61e239ded655bb.jpg','20181205\\10117208695a462bc44b056bee280472.png|20181205\\4a4dd4946f965481fc62dfab5ece9162.png|20181205\\eaa659811298382e3067a40f7b60d483.png|',1543489043,24,24),(82,1,'薇姿温泉矿物水活精华液30ml 补水保湿面部精华 修护肌肤提亮肤色',2,339.00,345.00,1,1,2,1,82,NULL,2389,97,'20181205\\1c34aee3c4ff648754466267f0dc9972.png','20181205\\d1836cb50d93517ec6b6c87510697001.png|20181205\\397ce355c17d403a261ae83eddcd4b04.png|20181205\\cadb649690c1e3c947c4f9ed62ea33ab.png|',1543489043,24,25),(83,1,'薇姿温泉矿物水活精华液30ml 补水保湿面部精华 ',2,419.00,423.00,1,2,1,1,83,NULL,6580,209,'20181205\\bb9b71207bbbb8b9fef2d104a550d46d.png','20181205\\37a37afc1bb923f31712a923ed571339.png|20181205\\e99aaa857595bc92cad2e1ac07d9c82a.png|20181205\\cfa3f09abe5773330922a4ac0fecf49a.png|',1543489043,24,25),(84,1,'红石榴水滋润型200ml 补水保湿 提亮肤色 抗氧化',2,420.00,430.00,1,1,1,2,84,NULL,4560,210,'20181205\\2021a38d4c62ab4d037440b541cb3516.png','20181205\\299563f0cacfb9f5adaeab431696e6cf.png|20181205\\4fbfec14dcfd1dedc6b4d259f8fe74bb.png|20181205\\5bd7e6c0d9dbbb37a4a271f5f71dbf7b.png|',1543489043,25,23),(85,1,'肌初赋活原生液 肌底微精华 保湿',2,960.00,1000.00,1,1,1,1,85,NULL,6500,430,'20181129\\e2c37225ea2532a87760c45d8fa04dc1.jpg','20181205\\a25a1e32226335c3791bd74cf2db35ab.png|20181205\\7c5ebb85e2a3d9bf93ef2e255cec0ebc.png|20181205\\2a925a873d976ecd2ecde36fabf90f99.png|',1543489043,25,23),(86,1,'水嫩倍现盈透精华水 补水保湿爽肤水女收缩毛孔定妆化妆水',2,79.00,87.00,1,2,1,1,86,NULL,3580,39,'20181129\\54d6ede0edc6d81b67d658ceff9802e0.jpg','20181205\\346ffa9c52ed361162da447cc3225daf.png|20181205\\5ef1a22567655d89b1b42f23033c2a16.png|20181205\\b661bc2677adc5ec828c690407b3b21f.png|',1543489043,25,23),(87,1,'汤臣倍健鱼胶原蛋白肽粉水解口服液非美白丸片饮',2,208.00,234.00,1,1,2,1,87,NULL,2006,107,'20181205\\2969b38e54a4eeae027f8f8bf67dd729.png','20181205\\19673886ac3fd7f0fcc3a5f41fe8c453.png|20181205\\053c3759df57a91f210ffaac1223bfde.png|20181205\\41d0404e00bb54856bfad3410fcb4f3e.png|',1543489043,145,23),(88,1,'碧生源牌纤纤茶 2.5g/袋*60袋',2,118.00,127.00,1,1,2,1,88,NULL,3976,59,'20181129\\8961543c8e60fc780d73eb17aef9c5ea.jpg','20181205\\1550b2116fb74d57533c0470edeaa385.png|20181205\\c251cd6053085116080853b2c9b677c4.png|20181205\\c00daeffcfa640c19e7a82964db80381.png|',1543489043,147,23),(89,1,'西门子助听器 心动莲花升级灵捷P/灵悦P/SP耳聋耳背老人无线隐形',2,498.00,512.00,1,2,1,2,89,NULL,6893,249,'20181129\\0d79ce89e25fabc582b6c0ceab3271f2.jpg','20181205\\a93dd77b6142736e3b18b2e5db39d41b.png|20181205\\b7ad3b885ce42783e178ec28fed2e5bb.png|20181205\\94a9361ae158070ddec6a9bb15520b48.png|',1543489043,151,26),(90,1,'云南白药气雾剂50g+60g外伤扭伤止痛消肿喷雾剂喷剂活血散瘀',2,33.00,39.00,1,2,1,1,90,NULL,6700,16,'20181129\\58d5c87a7f99ca7d4fe624e311cf160a.jpg','20181205\\7b1b6dac132a0e44672c38657607f870.png|20181205\\91aff096c8b20a25a55a422b2cbcb063.png|20181205\\4a69614803d610cb1a01f4b931479d4a.png|',1543492473,154,27),(91,1,'鱼跃制氧机带雾化医用3L升家用老人吸氧机家庭式氧气机孕妇',2,2480.00,2550.00,1,2,1,1,91,NULL,3290,1240,'20181205\\5243d60fa45372b3e4d51cf304942575.png','20181205\\cbe0bdd1a40b7653e8367d42729998af.png|20181205\\cdb4ba16bc0de8cd5ef58bb2dc9dcd7b.png|20181205\\46e723180364ac0bbc1c48c485627fde.png|',1543492678,149,28),(92,1,'北京同仁堂秋梨润肺膏100g润肺止咳久干咳利咽化痰润肺口燥咽干',2,96.00,102.00,1,1,1,2,92,NULL,8562,48,'20181129\\173c877724762b935fb561fb128fec83.jpg','20181205\\e2a15032cf3b915dba6dd3f38761deee.png|20181205\\92162b0288ef5030680ac591766fca7f.png|20181205\\7e169728e0ef6b41b93ea43d87f3d1c6.png|',1543493025,153,28),(93,1,'鱼跃婴儿红外线YHW-2电子温度体温计宝宝儿童家用医用额温枪',2,199.00,210.00,1,1,2,1,93,NULL,3794,99,'20181129\\03df4cd49bbd60ab3cf99f231a4b2476.jpg','20181205\\e2a15032cf3b915dba6dd3f38761deee.png|20181205\\92162b0288ef5030680ac591766fca7f.png|20181205\\7e169728e0ef6b41b93ea43d87f3d1c6.png|',1543493241,150,28),(94,1,'汤臣倍健维生素C片男女vc片维C咀嚼片维他命c搭天然VE',2,88.00,118.00,1,1,2,1,94,NULL,2458,44,'20181129\\d707beb50153138c8e88fd5e8dd61eec.jpg','20181205\\d7f6b5ad3bb4706e734e2384283ec3bc.png|20181205\\15470c85540f287930d51e802355fd8d.png|20181205\\96b42d8b57c3a69fbccaa8655ea8969a.png|',1543493481,148,28),(95,1,'鱼跃轮椅折叠轻便便携超轻老年带坐便多功能残疾人老人代步手推车',2,399.00,423.00,1,1,1,2,95,NULL,4410,199,'20181129\\fad9bd478d3e5a5e9a1f6dab18a56a53.jpg','20181205\\f0f3f19da5a43b7ba3461592fffc4e4a.png|20181205\\9a37b665c003bb4d6131291e566a5b69.png|20181205\\3f790cdcf9ea7619074b7310e4aa440f.png|',1543493714,152,28),(96,1,'真我香水30ml50ml100ml真我心悦淡香氛 优雅女士浓香',2,1199.00,1212.00,1,1,1,2,96,NULL,2698,499,'20181129\\bfbcd3fe79f048e96c00c5873161ea0e.PNG','20181129\\32737a62724e40b349c328b6b26831f2.PNG|20181129\\207884a7e8517a6e5f954a9d55178ac6.PNG|20181129\\6e14b2dcd489c7bb8935f13f69ea73a9.PNG|',1543494174,152,29),(97,1,'悠哈果汁软糖 Q软果汁',2,25.00,30.00,1,1,2,1,97,NULL,127,12,'20181129\\ff74a0b99f46546238459844bf545298.PNG','20181129\\d738dae25c58412748c95c2db737410c.PNG|20181129\\17f8b0168ede14dba42952b0fb9d24cd.PNG|',1543489393,83,38),(98,1,'Lindt瑞士莲进口软心精选巧克力分享装 600克',2,160.00,180.00,1,1,1,1,98,NULL,127,80,'20181129\\94f7ea57f98ef2825850b55f70f78ec6.PNG','20181129\\9c13d415b310721fdaa5fdcc9a146069.PNG|20181129\\04b10765ec06f0abd984f8268afd9934.PNG|20181129\\ae9e4d57f230c065e8e9268fd7e6088f.PNG|',1543489729,81,38),(99,1,'巧克力礼盒装送女友圣诞节进口生日浪漫创意表白礼物',2,198.00,220.00,1,1,1,1,99,NULL,127,99,'20181129\\f94a38112f1f631618be650d70bf9633.PNG','20181129\\832b31d8f1a347b69e52956a311969b9.PNG|20181129\\44be7f78de706af7296f8f7cd08e9459.PNG|',1543489884,81,38),(100,1,'evian/依云法国整箱进口矿泉水小瓶330ml*24/瓶饮用水 官方正品',2,319.00,300.00,1,1,2,2,100,NULL,127,31,'20181129\\1141f362cf3a400756c01ed1c17fe233.PNG','20181129\\d63001a0028445c85512aaa4d99ef765.PNG|20181129\\7dc51b239d657db02d2f274f12ab3240.PNG|20181129\\091a0a2bbdf94d6af5262d9be569886d.PNG|',1543490078,82,38),(101,1,'韩国进口宾格瑞香蕉牛奶饮料238ml香蕉牛奶韩国宾格瑞早餐牛奶',2,138.00,130.00,1,1,2,2,101,NULL,127,69,'20181129\\d293f3567d4a8f3be73fb34dc0cf9481.PNG','20181129\\716514ab41f4e99c569c43e264457e3a.PNG|20181129\\594b85e4aa0af3e560d0c847dc4d5820.PNG|20181129\\e7ce23487471d7caf4c43c7db6e90508.PNG|',1543490295,84,38),(102,1,'2018新茶 卢正浩特级明前西湖龙井茶匠心韵250g春茶散装茶叶绿茶',2,500.00,560.00,1,2,1,2,102,NULL,127,250,'20181129\\639cabe8b50b3d4e74b9a60880b3602b.PNG','20181129\\a706ce95a9631534a784d57d3bf8a11d.PNG|20181129\\d6f1ab0b82980e4be4074160aa3cbc65.PNG|20181129\\9b1e75507f8204d1e15368a6feb26656.PNG|',1543490572,85,38),(103,1,'【买1送1】玫瑰花茶 干玫瑰 平阴玫瑰花茶花草茶花茶茶叶罐装',2,60.00,10.00,1,2,1,2,103,NULL,127,30,'20181129\\3450bcc64dbc6d334bc534813413e36e.PNG','20181129\\bd86eeb8aace3025869e83ff4aef1414.PNG|20181129\\66cc938fd215f062c316ef852239dedb.PNG|20181129\\b4d2b90a041ad5ad490a04ea51feed67.PNG|',1543490771,87,38),(104,1,'【送橄榄油250ml】欧丽薇兰橄榄油5L 中式食用炒菜烹饪油',2,298.00,280.00,1,2,1,1,104,NULL,127,149,'20181129\\e4bccf03295257a55d40d1f6eac33627.PNG','20181129\\7ea7d881df7a5b5d0cfd79e3ad442613.PNG|20181129\\0c62e7512460108d5e3997f7a17e174c.PNG|20181129\\1d34151eefad3b63e952d24c12a49355.PNG|',1543490955,89,38),(105,1,'百味来意大利面条套装意面速食意粉意面酱博洛尼亚牛肉酱家用组合',2,44.00,40.00,1,2,2,1,105,NULL,127,21,'20181129\\3d41df7716f4a13294eeb55db3fb086c.PNG','20181129\\bb62991d5af827c3e14cdac3da713e05.PNG|20181129\\61c0b48eea5428fd777de41eb0f97227.PNG|20181129\\8bd96f69ed46a2c4fea9347980cacf10.PNG|',1543491134,90,38),(106,1,'Xiaomi/小米 小米电视4 75英寸 4K超高清网络液晶电视机65 70',2,8999.00,9000.00,1,1,1,1,106,NULL,127,899,'20181129\\918147421ddf02f364d3adda4bff8253.PNG','20181129\\0e5840a5b5fbb54d425043406cfdd870.PNG|20181129\\155baf446d0ae9a0e23ed9eef649327b.PNG|20181129\\4962bd164e72fcf68f709b08044d6383.PNG|',1543491525,113,38),(107,1,' 索尼(SONY)KD-55X9000F 55英寸 4K 智能 安卓7.0 明锐动态技术',2,9999.00,10000.00,1,2,1,2,107,NULL,127,999,'20181129\\f20afdeeb71c99cdb4cbc74f48a18dd5.PNG','20181129\\cb53e0ddb009714e6a9e46fd765323c6.PNG|20181129\\67dc247f3b4b1a5438fb0cbd476678aa.PNG|20181129\\4b493c8f52de5c5f15caea9a4cbcbcbf.PNG|',1543491747,114,32),(108,1,'海信(Hisense)LED65E7CY 65英寸4K超高清曲面智能液晶平板电视',2,5499.00,5684.00,1,1,2,1,108,NULL,127,549,'20181129\\fa7f3d85431b235e049d89f8bb622c11.PNG','20181129\\5d65c0314dea5cdd5ccb164d92142a55.PNG|20181129\\a9c317c240749d09b2d722cd3f3ce979.PNG|20181129\\459f11597e540ce839cc6aec06694444.PNG|',1543491912,115,36),(109,1,'TCL 65Q2M 65英寸4K超薄无边框全面屏高清智能网络平板液晶电视机',2,9999.00,12000.00,1,1,2,2,109,NULL,127,999,'20181129\\4fad5bdfc4e9d0aadce0fe7abe2a4d2d.PNG','20181129\\fc8180b73e134759164691e478f845f1.PNG|20181129\\32d01ebc73115709da87c83144fd2df6.PNG|20181129\\1bd25740bc621e5af84e080598a7a77b.PNG|',1543492071,116,35),(110,1,'奥克斯大2匹2p空调立式客厅柜机柜式 51R1TYK 家用旗舰店官方旗舰',2,5099.00,5100.00,1,1,2,2,110,NULL,127,509,'20181129\\bb06ca134b54b18e2d559f32a86b57fa.PNG','20181129\\c49d7ad7871087433c60fbc40ba75b70.PNG|20181129\\1ae664c6ff5e18c4b89cb569bac58573.PNG|20181129\\76f0d9b8da914c99c880fb4316aa3f9e.PNG|',1543492261,117,34),(111,1,' KFR-72LW/NhIeB1W 3匹一级能效变频冷暖客厅空调柜机',2,11499.00,12000.00,1,1,1,2,111,NULL,127,1149,'20181129\\fdedaaad1ae2659e3412434080832f4d.PNG','20181129\\96790f9c079bc330a634f81fff5c72fe.PNG|20181129\\91242e061587d0f0425b9144e34cc3dc.PNG|20181129\\a48977b156651a3002609d38e8db2aa2.PNG|',1543492553,119,31),(112,1,'海尔冰箱双门官方对开门家用双开门风冷无霜BCD-572WDENU1旗舰店',2,4999.00,5000.00,1,2,1,2,112,NULL,127,499,'20181129\\c8c6af2f5a66c680e6f13e997a286f8f.PNG','20181129\\607c2afb7df7e0507d50aa46ee22c75d.PNG|20181129\\451eccde05089ceacf7bcafd353122a5.PNG|20181129\\8247610f0ecd72dbe3e4bf02ad5650a7.PNG|',1543492781,122,33),(113,1,'Midea/美的 BCD-230WTM(E)风冷无霜节能冰箱 家用小型三门三开门',2,2599.00,2600.00,1,1,2,2,113,NULL,127,259,'20181129\\992229cfeadad4be0cb77cbdc0466638.PNG','20181129\\b8c130b0bab4945c15816e1ae4c74b85.PNG|20181129\\ef5f7a11452ac2960811c406b8281a97.PNG|20181129\\b8f701a138d9436b9aa787bdf0671c4f.PNG|',1543493003,124,32),(114,1,'Gree/格力 KFR-72LW/NhZaB3W 3匹智能变频冷暖型客厅空调立式云酷',2,9000.00,9000.00,1,2,1,2,114,NULL,127,900,'20181129\\992229cfeadad4be0cb77cbdc0466638.PNG','20181129\\b8c130b0bab4945c15816e1ae4c74b85.PNG|20181129\\ef5f7a11452ac2960811c406b8281a97.PNG|20181129\\b8f701a138d9436b9aa787bdf0671c4f.PNG|',1543493297,119,31),(115,1,'奥迪a8',2,699989.00,988.00,1,1,2,1,115,'高端大气上档次<img src=\"http://www.myshop.com/public/goodsseditimgs/20181206\\14c23a659475a6d98ff6589927162ba2.jpg\" alt=\"图片\">',10,1000,'20181206\\0246726e8f563b54aecdfe3a6adbb7de.jpg','20181206\\b188168f749e0cdc1d5a8cf2fccc3290.jpg|20181206\\b188168f749e0cdc1d5a8cf2fccc3290.jpg|20181206\\e0ded6de14eb348501bc55c951448985.jpg',1544059502,50,1);
/*!40000 ALTER TABLE `shop_goods` ENABLE KEYS */;
UNLOCK TABLES;

--
-- Table structure for table `shop_order`
--

DROP TABLE IF EXISTS `shop_order`;
/*!40101 SET @saved_cs_client     = @@character_set_client */;
/*!40101 SET character_set_client = utf8 */;
CREATE TABLE `shop_order` (
  `order_id` int(11) NOT NULL AUTO_INCREMENT,
  `order_sn` char(20) DEFAULT NULL,
  `id` int(11) DEFAULT NULL,
  `order_amount` decimal(10,0) DEFAULT NULL,
  `order_pay_type` tinyint(4) DEFAULT NULL,
  `pay_status` tinyint(4) DEFAULT NULL,
  `pay_way` tinyint(4) DEFAULT NULL,
  `status` tinyint(4) DEFAULT NULL,
  PRIMARY KEY (`order_id`)
) ENGINE=MyISAM AUTO_INCREMENT=25 DEFAULT CHARSET=utf8;
/*!40101 SET character_set_client = @saved_cs_client */;

--
-- Dumping data for table `shop_order`
--

LOCK TABLES `shop_order` WRITE;
/*!40000 ALTER TABLE `shop_order` DISABLE KEYS */;
INSERT INTO `shop_order` VALUES (24,'2019030202192275759',2,109,1,1,1,0);
/*!40000 ALTER TABLE `shop_order` ENABLE KEYS */;
UNLOCK TABLES;

--
-- Table structure for table `shop_order_address`
--

DROP TABLE IF EXISTS `shop_order_address`;
/*!40101 SET @saved_cs_client     = @@character_set_client */;
/*!40101 SET character_set_client = utf8 */;
CREATE TABLE `shop_order_address` (
  `address_id` int(11) NOT NULL AUTO_INCREMENT,
  `id` int(11) DEFAULT NULL,
  `order_id` int(11) DEFAULT NULL,
  `is_default` int(11) DEFAULT NULL,
  `province` varchar(20) DEFAULT NULL,
  `city` varchar(20) DEFAULT NULL,
  `address_name` varchar(20) DEFAULT NULL,
  `consignee_name` varchar(30) DEFAULT NULL,
  `consignee_tel` char(11) DEFAULT NULL,
  `detailed_address` varchar(100) DEFAULT NULL,
  `address_status` tinyint(4) DEFAULT NULL,
  `ctime` int(11) DEFAULT NULL,
  PRIMARY KEY (`address_id`)
) ENGINE=MyISAM AUTO_INCREMENT=3 DEFAULT CHARSET=utf8;
/*!40101 SET character_set_client = @saved_cs_client */;

--
-- Dumping data for table `shop_order_address`
--

LOCK TABLES `shop_order_address` WRITE;
/*!40000 ALTER TABLE `shop_order_address` DISABLE KEYS */;
INSERT INTO `shop_order_address` VALUES (1,2,19,1,NULL,NULL,'上海武警警区','泰隆','021110',NULL,1,NULL),(2,2,19,0,NULL,NULL,'北京警区警务处','放逐之刃','010110',NULL,1,NULL);
/*!40000 ALTER TABLE `shop_order_address` ENABLE KEYS */;
UNLOCK TABLES;

--
-- Table structure for table `shop_order_detail`
--

DROP TABLE IF EXISTS `shop_order_detail`;
/*!40101 SET @saved_cs_client     = @@character_set_client */;
/*!40101 SET character_set_client = utf8 */;
CREATE TABLE `shop_order_detail` (
  `order_detail_id` int(11) NOT NULL AUTO_INCREMENT,
  `order_id` int(11) DEFAULT NULL,
  `order_sn` varchar(20) DEFAULT NULL,
  `id` int(11) DEFAULT NULL,
  `buy_number` int(11) DEFAULT NULL,
  `goods_id` int(11) DEFAULT NULL,
  `goods_price` decimal(10,0) DEFAULT NULL,
  `goods_name` varchar(255) DEFAULT NULL,
  `goods_img` varchar(255) DEFAULT NULL,
  `comment_status` tinyint(4) DEFAULT NULL,
  `status` int(11) DEFAULT NULL,
  `ctime` int(11) DEFAULT NULL,
  PRIMARY KEY (`order_detail_id`)
) ENGINE=MyISAM AUTO_INCREMENT=25 DEFAULT CHARSET=utf8;
/*!40101 SET character_set_client = @saved_cs_client */;

--
-- Dumping data for table `shop_order_detail`
--

LOCK TABLES `shop_order_detail` WRITE;
/*!40000 ALTER TABLE `shop_order_detail` DISABLE KEYS */;
INSERT INTO `shop_order_detail` VALUES (24,24,'2019030202192275759',2,1,17,109,'秋冬2018新款加厚加绒松紧腰牛仔裤女宽松哈伦裤休闲韩版学生bf潮',NULL,NULL,NULL,1551493162);
/*!40000 ALTER TABLE `shop_order_detail` ENABLE KEYS */;
UNLOCK TABLES;
/*!40103 SET TIME_ZONE=@OLD_TIME_ZONE */;

/*!40101 SET SQL_MODE=@OLD_SQL_MODE */;
/*!40014 SET FOREIGN_KEY_CHECKS=@OLD_FOREIGN_KEY_CHECKS */;
/*!40014 SET UNIQUE_CHECKS=@OLD_UNIQUE_CHECKS */;
/*!40101 SET CHARACTER_SET_CLIENT=@OLD_CHARACTER_SET_CLIENT */;
/*!40101 SET CHARACTER_SET_RESULTS=@OLD_CHARACTER_SET_RESULTS */;
/*!40101 SET COLLATION_CONNECTION=@OLD_COLLATION_CONNECTION */;
/*!40111 SET SQL_NOTES=@OLD_SQL_NOTES */;

-- Dump completed on 2019-03-02 11:06:59
